,Iso2Code,BankHolidayDate,IsBankHoliday
0,DK,2021-01-01,True
1,DK,2021-02-14,True
2,DK,2021-03-03,True
3,DK,2021-03-20,True
4,DK,2021-03-28,True
5,DK,2021-04-01,True
6,DK,2021-04-02,True
7,DK,2021-04-04,True
8,DK,2021-04-05,True
9,DK,2021-04-30,True
10,DK,2021-05-01,True
11,DK,2021-05-05,True
12,DK,2021-05-09,True
13,DK,2021-05-13,True
14,DK,2021-05-23,True
15,DK,2021-05-24,True
16,DK,2021-06-05,True
17,DK,2021-06-05,True
18,DK,2021-06-21,True
19,DK,2021-06-30,True
20,DK,2021-07-18,True
21,DK,2021-09-22,True
22,DK,2021-10-31,True
23,DK,2021-12-21,True
24,DK,2021-12-24,True
25,DK,2021-12-25,True
26,DK,2021-12-26,True
27,DK,2021-12-31,True
0,IT,2021-01-01,True
1,IT,2021-01-06,True
2,IT,2021-03-03,True
3,IT,2021-03-19,True
4,IT,2021-03-20,True
5,IT,2021-04-04,True
6,IT,2021-04-05,True
7,IT,2021-04-25,True
8,IT,2021-05-01,True
9,IT,2021-05-09,True
10,IT,2021-05-23,True
11,IT,2021-05-24,True
12,IT,2021-06-02,True
13,IT,2021-06-21,True
14,IT,2021-06-30,True
15,IT,2021-07-18,True
16,IT,2021-08-15,True
17,IT,2021-09-22,True
18,IT,2021-11-01,True
19,IT,2021-12-08,True
20,IT,2021-12-21,True
21,IT,2021-12-24,True
22,IT,2021-12-25,True
23,IT,2021-12-26,True
24,IT,2021-12-31,True
0,IL,2021-02-25,True
1,IL,2021-02-26,True
2,IL,2021-03-03,True
3,IL,2021-03-20,True
4,IL,2021-03-23,True
5,IL,2021-03-27,True
6,IL,2021-03-28,True
7,IL,2021-03-29,True
8,IL,2021-03-30,True
9,IL,2021-03-31,True
10,IL,2021-04-01,True
11,IL,2021-04-02,True
12,IL,2021-04-03,True
13,IL,2021-04-07,True
14,IL,2021-04-14,True
15,IL,2021-04-15,True
16,IL,2021-04-29,True
17,IL,2021-04-30,True
18,IL,2021-05-01,True
19,IL,2021-05-10,True
20,IL,2021-05-16,True
21,IL,2021-05-17,True
22,IL,2021-05-22,True
23,IL,2021-06-21,True
24,IL,2021-06-30,True
25,IL,2021-07-17,True
26,IL,2021-07-18,True
27,IL,2021-07-18,True
28,IL,2021-09-06,True
29,IL,2021-09-07,True
30,IL,2021-09-08,True
31,IL,2021-09-15,True
32,IL,2021-09-16,True
33,IL,2021-09-20,True
34,IL,2021-09-21,True
35,IL,2021-09-22,True
36,IL,2021-09-22,True
37,IL,2021-09-23,True
38,IL,2021-09-24,True
39,IL,2021-09-25,True
40,IL,2021-09-26,True
41,IL,2021-09-27,True
42,IL,2021-09-28,True
43,IL,2021-11-29,True
44,IL,2021-11-30,True
45,IL,2021-12-01,True
46,IL,2021-12-02,True
47,IL,2021-12-03,True
48,IL,2021-12-04,True
49,IL,2021-12-05,True
50,IL,2021-12-06,True
51,IL,2021-12-21,True
0,CA,2021-01-01,True
1,CA,2021-01-17,True
2,CA,2021-02-02,True
3,CA,2021-02-14,True
4,CA,2021-02-15,True
5,CA,2021-02-15,True
6,CA,2021-02-15,True
7,CA,2021-02-15,True
8,CA,2021-02-15,True
9,CA,2021-02-22,True
10,CA,2021-03-03,True
11,CA,2021-03-08,True
12,CA,2021-03-17,True
13,CA,2021-03-20,True
14,CA,2021-04-01,True
15,CA,2021-04-02,True
16,CA,2021-04-04,True
17,CA,2021-04-05,True
18,CA,2021-04-05,True
19,CA,2021-04-06,True
20,CA,2021-04-09,True
21,CA,2021-04-22,True
22,CA,2021-04-23,True
23,CA,2021-05-09,True
24,CA,2021-05-24,True
25,CA,2021-05-24,True
26,CA,2021-06-19,True
27,CA,2021-06-20,True
28,CA,2021-06-21,True
29,CA,2021-06-21,True
30,CA,2021-06-21,True
31,CA,2021-06-24,True
32,CA,2021-06-24,True
33,CA,2021-06-24,True
34,CA,2021-06-27,True
35,CA,2021-06-30,True
36,CA,2021-07-01,True
37,CA,2021-07-01,True
38,CA,2021-07-09,True
39,CA,2021-07-12,True
40,CA,2021-07-18,True
41,CA,2021-08-02,True
42,CA,2021-08-02,True
43,CA,2021-08-02,True
44,CA,2021-08-02,True
45,CA,2021-08-02,True
46,CA,2021-08-02,True
47,CA,2021-08-02,True
48,CA,2021-08-02,True
49,CA,2021-08-02,True
50,CA,2021-08-09,True
51,CA,2021-08-16,True
52,CA,2021-08-20,True
53,CA,2021-09-06,True
54,CA,2021-09-12,True
55,CA,2021-09-22,True
56,CA,2021-10-11,True
57,CA,2021-10-11,True
58,CA,2021-10-31,True
59,CA,2021-11-11,True
60,CA,2021-11-11,True
61,CA,2021-11-11,True
62,CA,2021-12-06,True
63,CA,2021-12-21,True
64,CA,2021-12-24,True
65,CA,2021-12-25,True
66,CA,2021-12-26,True
67,CA,2021-12-26,True
68,CA,2021-12-31,True
0,NL,2021-01-01,True
1,NL,2021-03-03,True
2,NL,2021-03-20,True
3,NL,2021-04-02,True
4,NL,2021-04-04,True
5,NL,2021-04-05,True
6,NL,2021-04-27,True
7,NL,2021-05-04,True
8,NL,2021-05-05,True
9,NL,2021-05-09,True
10,NL,2021-05-13,True
11,NL,2021-05-23,True
12,NL,2021-05-24,True
13,NL,2021-06-20,True
14,NL,2021-06-21,True
15,NL,2021-06-30,True
16,NL,2021-07-18,True
17,NL,2021-09-22,True
18,NL,2021-12-05,True
19,NL,2021-12-06,True
20,NL,2021-12-21,True
21,NL,2021-12-24,True
22,NL,2021-12-25,True
23,NL,2021-12-26,True
24,NL,2021-12-31,True
0,SE,2021-01-01,True
1,SE,2021-01-05,True
2,SE,2021-01-06,True
3,SE,2021-03-03,True
4,SE,2021-03-20,True
5,SE,2021-04-02,True
6,SE,2021-04-03,True
7,SE,2021-04-04,True
8,SE,2021-04-05,True
9,SE,2021-04-30,True
10,SE,2021-05-01,True
11,SE,2021-05-13,True
12,SE,2021-05-22,True
13,SE,2021-05-23,True
14,SE,2021-05-30,True
15,SE,2021-06-06,True
16,SE,2021-06-21,True
17,SE,2021-06-25,True
18,SE,2021-06-26,True
19,SE,2021-06-30,True
20,SE,2021-07-18,True
21,SE,2021-09-22,True
22,SE,2021-11-05,True
23,SE,2021-11-06,True
24,SE,2021-11-14,True
25,SE,2021-12-21,True
26,SE,2021-12-24,True
27,SE,2021-12-25,True
28,SE,2021-12-26,True
29,SE,2021-12-31,True
0,JP,2021-01-01,True
1,JP,2021-01-11,True
2,JP,2021-02-11,True
3,JP,2021-02-23,True
4,JP,2021-03-03,True
5,JP,2021-03-20,True
6,JP,2021-03-20,True
7,JP,2021-04-29,True
8,JP,2021-05-03,True
9,JP,2021-05-04,True
10,JP,2021-05-05,True
11,JP,2021-05-09,True
12,JP,2021-06-20,True
13,JP,2021-06-21,True
14,JP,2021-06-30,True
15,JP,2021-07-18,True
16,JP,2021-07-22,True
17,JP,2021-07-23,True
18,JP,2021-08-09,True
19,JP,2021-09-20,True
20,JP,2021-09-22,True
21,JP,2021-09-23,True
22,JP,2021-11-03,True
23,JP,2021-11-23,True
24,JP,2021-12-21,True
25,JP,2021-12-31,True
0,CY,2021-01-01,True
1,CY,2021-01-06,True
2,CY,2021-03-03,True
3,CY,2021-03-15,True
4,CY,2021-03-20,True
5,CY,2021-03-25,True
6,CY,2021-04-01,True
7,CY,2021-04-30,True
8,CY,2021-05-01,True
9,CY,2021-05-01,True
10,CY,2021-05-02,True
11,CY,2021-05-03,True
12,CY,2021-05-04,True
13,CY,2021-05-09,True
14,CY,2021-06-20,True
15,CY,2021-06-20,True
16,CY,2021-06-21,True
17,CY,2021-06-21,True
18,CY,2021-06-30,True
19,CY,2021-07-18,True
20,CY,2021-08-15,True
21,CY,2021-09-22,True
22,CY,2021-10-01,True
23,CY,2021-10-28,True
24,CY,2021-12-21,True
25,CY,2021-12-24,True
26,CY,2021-12-25,True
27,CY,2021-12-26,True
28,CY,2021-12-31,True
0,AE,2021-01-01,True
1,AE,2021-03-03,True
2,AE,2021-03-10,True
3,AE,2021-03-11,True
4,AE,2021-03-20,True
5,AE,2021-03-21,True
6,AE,2021-04-12,True
7,AE,2021-05-10,True
8,AE,2021-05-11,True
9,AE,2021-05-11,True
10,AE,2021-05-12,True
11,AE,2021-05-12,True
12,AE,2021-05-13,True
13,AE,2021-05-13,True
14,AE,2021-05-14,True
15,AE,2021-05-14,True
16,AE,2021-05-15,True
17,AE,2021-06-21,True
18,AE,2021-06-21,True
19,AE,2021-06-30,True
20,AE,2021-07-18,True
21,AE,2021-07-18,True
22,AE,2021-07-19,True
23,AE,2021-07-19,True
24,AE,2021-07-20,True
25,AE,2021-07-20,True
26,AE,2021-07-21,True
27,AE,2021-07-21,True
28,AE,2021-07-22,True
29,AE,2021-08-09,True
30,AE,2021-08-12,True
31,AE,2021-09-22,True
32,AE,2021-10-18,True
33,AE,2021-10-21,True
34,AE,2021-12-01,True
35,AE,2021-12-02,True
36,AE,2021-12-03,True
37,AE,2021-12-21,True
38,AE,2021-12-31,True
0,HK,2021-01-01,True
1,HK,2021-02-12,True
2,HK,2021-02-13,True
3,HK,2021-02-14,True
4,HK,2021-02-15,True
5,HK,2021-03-20,True
6,HK,2021-04-02,True
7,HK,2021-04-03,True
8,HK,2021-04-04,True
9,HK,2021-04-04,True
10,HK,2021-04-05,True
11,HK,2021-04-06,True
12,HK,2021-05-01,True
13,HK,2021-05-09,True
14,HK,2021-05-19,True
15,HK,2021-06-14,True
16,HK,2021-06-20,True
17,HK,2021-06-21,True
18,HK,2021-07-01,True
19,HK,2021-09-21,True
20,HK,2021-09-22,True
21,HK,2021-09-22,True
22,HK,2021-10-01,True
23,HK,2021-10-14,True
24,HK,2021-12-21,True
25,HK,2021-12-24,True
26,HK,2021-12-25,True
27,HK,2021-12-26,True
28,HK,2021-12-31,True
0,SG,2021-01-01,True
1,SG,2021-02-12,True
2,SG,2021-02-13,True
3,SG,2021-03-03,True
4,SG,2021-03-20,True
5,SG,2021-04-02,True
6,SG,2021-05-01,True
7,SG,2021-05-09,True
8,SG,2021-05-13,True
9,SG,2021-05-26,True
10,SG,2021-06-20,True
11,SG,2021-06-21,True
12,SG,2021-06-30,True
13,SG,2021-07-18,True
14,SG,2021-07-20,True
15,SG,2021-08-09,True
16,SG,2021-09-22,True
17,SG,2021-11-04,True
18,SG,2021-12-21,True
19,SG,2021-12-24,True
20,SG,2021-12-25,True
21,SG,2021-12-31,True
0,BE,2021-01-01,True
1,BE,2021-01-06,True
2,BE,2021-02-14,True
3,BE,2021-02-16,True
4,BE,2021-03-03,True
5,BE,2021-03-20,True
6,BE,2021-04-02,True
7,BE,2021-04-04,True
8,BE,2021-04-05,True
9,BE,2021-05-01,True
10,BE,2021-05-09,True
11,BE,2021-05-13,True
12,BE,2021-05-23,True
13,BE,2021-05-24,True
14,BE,2021-06-13,True
15,BE,2021-06-21,True
16,BE,2021-06-30,True
17,BE,2021-07-11,True
18,BE,2021-07-18,True
19,BE,2021-07-21,True
20,BE,2021-08-15,True
21,BE,2021-09-19,True
22,BE,2021-09-22,True
23,BE,2021-09-27,True
24,BE,2021-10-31,True
25,BE,2021-11-01,True
26,BE,2021-11-02,True
27,BE,2021-11-11,True
28,BE,2021-11-15,True
29,BE,2021-11-15,True
30,BE,2021-12-06,True
31,BE,2021-12-21,True
32,BE,2021-12-24,True
33,BE,2021-12-25,True
34,BE,2021-12-31,True
0,IS,2021-01-01,True
1,IS,2021-03-03,True
2,IS,2021-03-20,True
3,IS,2021-04-01,True
4,IS,2021-04-02,True
5,IS,2021-04-04,True
6,IS,2021-04-05,True
7,IS,2021-04-22,True
8,IS,2021-05-01,True
9,IS,2021-05-09,True
10,IS,2021-05-13,True
11,IS,2021-05-23,True
12,IS,2021-05-24,True
13,IS,2021-06-17,True
14,IS,2021-06-21,True
15,IS,2021-06-30,True
16,IS,2021-07-18,True
17,IS,2021-08-02,True
18,IS,2021-09-22,True
19,IS,2021-11-14,True
20,IS,2021-12-21,True
21,IS,2021-12-24,True
22,IS,2021-12-25,True
23,IS,2021-12-26,True
24,IS,2021-12-31,True
0,NO,2021-01-01,True
1,NO,2021-01-21,True
2,NO,2021-02-06,True
3,NO,2021-02-14,True
4,NO,2021-02-14,True
5,NO,2021-02-14,True
6,NO,2021-02-21,True
7,NO,2021-03-03,True
8,NO,2021-03-20,True
9,NO,2021-03-28,True
10,NO,2021-03-28,True
11,NO,2021-04-01,True
12,NO,2021-04-02,True
13,NO,2021-04-04,True
14,NO,2021-04-05,True
15,NO,2021-05-01,True
16,NO,2021-05-08,True
17,NO,2021-05-13,True
18,NO,2021-05-17,True
19,NO,2021-05-22,True
20,NO,2021-05-23,True
21,NO,2021-05-24,True
22,NO,2021-06-07,True
23,NO,2021-06-21,True
24,NO,2021-06-23,True
25,NO,2021-06-24,True
26,NO,2021-06-30,True
27,NO,2021-07-04,True
28,NO,2021-07-18,True
29,NO,2021-07-20,True
30,NO,2021-07-29,True
31,NO,2021-08-19,True
32,NO,2021-09-22,True
33,NO,2021-10-24,True
34,NO,2021-10-25,True
35,NO,2021-10-31,True
36,NO,2021-10-31,True
37,NO,2021-11-01,True
38,NO,2021-11-14,True
39,NO,2021-11-28,True
40,NO,2021-12-05,True
41,NO,2021-12-12,True
42,NO,2021-12-19,True
43,NO,2021-12-21,True
44,NO,2021-12-24,True
45,NO,2021-12-27,True
46,NO,2021-12-28,True
47,NO,2021-12-31,True
0,AU,2021-01-01,True
1,AU,2021-01-26,True
2,AU,2021-02-08,True
3,AU,2021-02-14,True
4,AU,2021-03-01,True
5,AU,2021-03-03,True
6,AU,2021-03-08,True
7,AU,2021-03-08,True
8,AU,2021-03-08,True
9,AU,2021-03-08,True
10,AU,2021-03-17,True
11,AU,2021-03-18,True
12,AU,2021-03-20,True
13,AU,2021-03-21,True
14,AU,2021-04-02,True
15,AU,2021-04-03,True
16,AU,2021-04-04,True
17,AU,2021-04-04,True
18,AU,2021-04-05,True
19,AU,2021-04-06,True
20,AU,2021-04-25,True
21,AU,2021-04-25,True
22,AU,2021-04-26,True
23,AU,2021-05-03,True
24,AU,2021-05-03,True
25,AU,2021-05-09,True
26,AU,2021-05-31,True
27,AU,2021-06-07,True
28,AU,2021-06-14,True
29,AU,2021-06-14,True
30,AU,2021-06-21,True
31,AU,2021-06-25,True
32,AU,2021-06-30,True
33,AU,2021-07-02,True
34,AU,2021-07-09,True
35,AU,2021-07-16,True
36,AU,2021-07-18,True
37,AU,2021-07-23,True
38,AU,2021-08-02,True
39,AU,2021-08-02,True
40,AU,2021-08-11,True
41,AU,2021-09-05,True
42,AU,2021-09-22,True
43,AU,2021-09-24,True
44,AU,2021-09-25,True
45,AU,2021-09-27,True
46,AU,2021-10-04,True
47,AU,2021-10-04,True
48,AU,2021-11-01,True
49,AU,2021-11-02,True
50,AU,2021-12-21,True
51,AU,2021-12-24,True
52,AU,2021-12-24,True
53,AU,2021-12-25,True
54,AU,2021-12-25,True
55,AU,2021-12-26,True
56,AU,2021-12-26,True
57,AU,2021-12-26,True
58,AU,2021-12-31,True
0,PL,2021-01-01,True
1,PL,2021-01-06,True
2,PL,2021-01-21,True
3,PL,2021-01-22,True
4,PL,2021-01-27,True
5,PL,2021-02-02,True
6,PL,2021-02-08,True
7,PL,2021-02-11,True
8,PL,2021-02-14,True
9,PL,2021-02-16,True
10,PL,2021-02-17,True
11,PL,2021-02-17,True
12,PL,2021-02-22,True
13,PL,2021-03-01,True
14,PL,2021-03-03,True
15,PL,2021-03-08,True
16,PL,2021-03-09,True
17,PL,2021-03-10,True
18,PL,2021-03-15,True
19,PL,2021-03-20,True
20,PL,2021-03-20,True
21,PL,2021-03-21,True
22,PL,2021-03-23,True
23,PL,2021-03-24,True
24,PL,2021-04-01,True
25,PL,2021-04-02,True
26,PL,2021-04-03,True
27,PL,2021-04-04,True
28,PL,2021-04-05,True
29,PL,2021-04-06,True
30,PL,2021-04-13,True
31,PL,2021-04-18,True
32,PL,2021-04-19,True
33,PL,2021-04-22,True
34,PL,2021-04-28,True
35,PL,2021-04-28,True
36,PL,2021-05-01,True
37,PL,2021-05-01,True
38,PL,2021-05-01,True
39,PL,2021-05-02,True
40,PL,2021-05-02,True
41,PL,2021-05-03,True
42,PL,2021-05-04,True
43,PL,2021-05-04,True
44,PL,2021-05-08,True
45,PL,2021-05-09,True
46,PL,2021-05-16,True
47,PL,2021-05-23,True
48,PL,2021-05-26,True
49,PL,2021-05-27,True
50,PL,2021-05-29,True
51,PL,2021-05-29,True
52,PL,2021-05-30,True
53,PL,2021-05-31,True
54,PL,2021-06-01,True
55,PL,2021-06-01,True
56,PL,2021-06-03,True
57,PL,2021-06-04,True
58,PL,2021-06-12,True
59,PL,2021-06-13,True
60,PL,2021-06-14,True
61,PL,2021-06-21,True
62,PL,2021-06-21,True
63,PL,2021-06-23,True
64,PL,2021-06-23,True
65,PL,2021-06-28,True
66,PL,2021-06-30,True
67,PL,2021-07-01,True
68,PL,2021-07-11,True
69,PL,2021-07-18,True
70,PL,2021-07-24,True
71,PL,2021-07-31,True
72,PL,2021-08-01,True
73,PL,2021-08-02,True
74,PL,2021-08-14,True
75,PL,2021-08-15,True
76,PL,2021-08-15,True
77,PL,2021-08-29,True
78,PL,2021-08-31,True
79,PL,2021-09-01,True
80,PL,2021-09-01,True
81,PL,2021-09-17,True
82,PL,2021-09-17,True
83,PL,2021-09-21,True
84,PL,2021-09-22,True
85,PL,2021-09-22,True
86,PL,2021-09-27,True
87,PL,2021-09-30,True
88,PL,2021-10-04,True
89,PL,2021-10-04,True
90,PL,2021-10-13,True
91,PL,2021-10-14,True
92,PL,2021-10-16,True
93,PL,2021-10-18,True
94,PL,2021-10-25,True
95,PL,2021-10-31,True
96,PL,2021-11-01,True
97,PL,2021-11-11,True
98,PL,2021-11-11,True
99,PL,2021-11-21,True
100,PL,2021-11-29,True
101,PL,2021-12-04,True
102,PL,2021-12-06,True
103,PL,2021-12-13,True
104,PL,2021-12-21,True
105,PL,2021-12-24,True
106,PL,2021-12-25,True
107,PL,2021-12-26,True
108,PL,2021-12-26,True
109,PL,2021-12-31,True
0,MT,2021-01-01,True
1,MT,2021-02-10,True
2,MT,2021-03-03,True
3,MT,2021-03-19,True
4,MT,2021-03-20,True
5,MT,2021-03-31,True
6,MT,2021-04-02,True
7,MT,2021-04-04,True
8,MT,2021-04-05,True
9,MT,2021-04-05,True
10,MT,2021-05-01,True
11,MT,2021-05-09,True
12,MT,2021-06-07,True
13,MT,2021-06-20,True
14,MT,2021-06-21,True
15,MT,2021-06-29,True
16,MT,2021-06-30,True
17,MT,2021-07-18,True
18,MT,2021-08-15,True
19,MT,2021-09-08,True
20,MT,2021-09-21,True
21,MT,2021-09-22,True
22,MT,2021-12-08,True
23,MT,2021-12-13,True
24,MT,2021-12-21,True
25,MT,2021-12-24,True
26,MT,2021-12-25,True
27,MT,2021-12-26,True
28,MT,2021-12-26,True
29,MT,2021-12-31,True
0,FI,2021-01-01,True
1,FI,2021-01-06,True
2,FI,2021-03-03,True
3,FI,2021-03-20,True
4,FI,2021-04-02,True
5,FI,2021-04-04,True
6,FI,2021-04-05,True
7,FI,2021-05-01,True
8,FI,2021-05-09,True
9,FI,2021-05-13,True
10,FI,2021-06-21,True
11,FI,2021-06-25,True
12,FI,2021-06-26,True
13,FI,2021-06-30,True
14,FI,2021-07-18,True
15,FI,2021-09-22,True
16,FI,2021-11-06,True
17,FI,2021-11-14,True
18,FI,2021-12-06,True
19,FI,2021-12-21,True
20,FI,2021-12-24,True
21,FI,2021-12-25,True
22,FI,2021-12-26,True
23,FI,2021-12-31,True
0,AT,2021-01-01,True
1,AT,2021-01-06,True
2,AT,2021-03-03,True
3,AT,2021-03-20,True
4,AT,2021-04-04,True
5,AT,2021-04-05,True
6,AT,2021-05-01,True
7,AT,2021-05-09,True
8,AT,2021-05-13,True
9,AT,2021-05-24,True
10,AT,2021-06-03,True
11,AT,2021-06-20,True
12,AT,2021-06-21,True
13,AT,2021-06-30,True
14,AT,2021-07-18,True
15,AT,2021-08-15,True
16,AT,2021-09-22,True
17,AT,2021-10-26,True
18,AT,2021-11-01,True
19,AT,2021-12-08,True
20,AT,2021-12-21,True
21,AT,2021-12-24,True
22,AT,2021-12-25,True
23,AT,2021-12-26,True
24,AT,2021-12-31,True
0,FR,2021-01-01,True
1,FR,2021-03-03,True
2,FR,2021-03-20,True
3,FR,2021-04-02,True
4,FR,2021-04-04,True
5,FR,2021-04-05,True
6,FR,2021-05-01,True
7,FR,2021-05-08,True
8,FR,2021-05-13,True
9,FR,2021-05-23,True
10,FR,2021-05-24,True
11,FR,2021-05-30,True
12,FR,2021-06-20,True
13,FR,2021-06-21,True
14,FR,2021-06-30,True
15,FR,2021-07-14,True
16,FR,2021-07-18,True
17,FR,2021-08-15,True
18,FR,2021-09-22,True
19,FR,2021-11-01,True
20,FR,2021-11-11,True
21,FR,2021-12-21,True
22,FR,2021-12-24,True
23,FR,2021-12-25,True
24,FR,2021-12-26,True
25,FR,2021-12-31,True
0,US,2021-01-01,True
1,US,2021-01-01,True
2,US,2021-01-06,True
3,US,2021-01-06,True
4,US,2021-01-07,True
5,US,2021-01-13,True
6,US,2021-01-14,True
7,US,2021-01-18,True
8,US,2021-01-18,True
9,US,2021-01-18,True
10,US,2021-01-18,True
11,US,2021-01-19,True
12,US,2021-01-19,True
13,US,2021-01-29,True
14,US,2021-02-01,True
15,US,2021-02-02,True
16,US,2021-02-04,True
17,US,2021-02-05,True
18,US,2021-02-07,True
19,US,2021-02-12,True
20,US,2021-02-12,True
21,US,2021-02-12,True
22,US,2021-02-14,True
23,US,2021-02-14,True
24,US,2021-02-15,True
25,US,2021-02-15,True
26,US,2021-02-15,True
27,US,2021-02-16,True
28,US,2021-02-16,True
29,US,2021-02-17,True
30,US,2021-02-22,True
31,US,2021-02-28,True
32,US,2021-03-01,True
33,US,2021-03-01,True
34,US,2021-03-02,True
35,US,2021-03-02,True
36,US,2021-03-02,True
37,US,2021-03-03,True
38,US,2021-03-03,True
39,US,2021-03-05,True
40,US,2021-03-14,True
41,US,2021-03-17,True
42,US,2021-03-17,True
43,US,2021-03-20,True
44,US,2021-03-25,True
45,US,2021-03-26,True
46,US,2021-03-28,True
47,US,2021-03-29,True
48,US,2021-03-29,True
49,US,2021-03-31,True
50,US,2021-03-31,True
51,US,2021-04-01,True
52,US,2021-04-01,True
53,US,2021-04-02,True
54,US,2021-04-02,True
55,US,2021-04-02,True
56,US,2021-04-03,True
57,US,2021-04-04,True
58,US,2021-04-05,True
59,US,2021-04-06,True
60,US,2021-04-13,True
61,US,2021-04-15,True
62,US,2021-04-15,True
63,US,2021-04-16,True
64,US,2021-04-19,True
65,US,2021-04-19,True
66,US,2021-04-21,True
67,US,2021-04-21,True
68,US,2021-04-22,True
69,US,2021-04-22,True
70,US,2021-04-22,True
71,US,2021-04-26,True
72,US,2021-04-26,True
73,US,2021-04-26,True
74,US,2021-04-30,True
75,US,2021-04-30,True
76,US,2021-04-30,True
77,US,2021-04-30,True
78,US,2021-05-01,True
79,US,2021-05-01,True
80,US,2021-05-01,True
81,US,2021-05-01,True
82,US,2021-05-01,True
83,US,2021-05-01,True
84,US,2021-05-02,True
85,US,2021-05-03,True
86,US,2021-05-04,True
87,US,2021-05-04,True
88,US,2021-05-04,True
89,US,2021-05-05,True
90,US,2021-05-06,True
91,US,2021-05-06,True
92,US,2021-05-07,True
93,US,2021-05-08,True
94,US,2021-05-08,True
95,US,2021-05-09,True
96,US,2021-05-10,True
97,US,2021-05-10,True
98,US,2021-05-13,True
99,US,2021-05-15,True
100,US,2021-05-15,True
101,US,2021-05-15,True
102,US,2021-05-19,True
103,US,2021-05-21,True
104,US,2021-05-22,True
105,US,2021-05-22,True
106,US,2021-05-23,True
107,US,2021-05-24,True
108,US,2021-05-25,True
109,US,2021-05-30,True
110,US,2021-05-30,True
111,US,2021-05-31,True
112,US,2021-05-31,True
113,US,2021-06-01,True
114,US,2021-06-03,True
115,US,2021-06-03,True
116,US,2021-06-03,True
117,US,2021-06-03,True
118,US,2021-06-06,True
119,US,2021-06-07,True
120,US,2021-06-11,True
121,US,2021-06-13,True
122,US,2021-06-14,True
123,US,2021-06-14,True
124,US,2021-06-19,True
125,US,2021-06-19,True
126,US,2021-06-20,True
127,US,2021-06-20,True
128,US,2021-06-20,True
129,US,2021-06-20,True
130,US,2021-06-21,True
131,US,2021-06-27,True
132,US,2021-06-30,True
133,US,2021-07-04,True
134,US,2021-07-14,True
135,US,2021-07-18,True
136,US,2021-07-24,True
137,US,2021-07-25,True
138,US,2021-07-27,True
139,US,2021-08-01,True
140,US,2021-08-04,True
141,US,2021-08-07,True
142,US,2021-08-08,True
143,US,2021-08-09,True
144,US,2021-08-15,True
145,US,2021-08-16,True
146,US,2021-08-19,True
147,US,2021-08-20,True
148,US,2021-08-21,True
149,US,2021-08-26,True
150,US,2021-08-27,True
151,US,2021-09-06,True
152,US,2021-09-06,True
153,US,2021-09-07,True
154,US,2021-09-09,True
155,US,2021-09-11,True
156,US,2021-09-11,True
157,US,2021-09-12,True
158,US,2021-09-16,True
159,US,2021-09-17,True
160,US,2021-09-17,True
161,US,2021-09-18,True
162,US,2021-09-18,True
163,US,2021-09-22,True
164,US,2021-09-22,True
165,US,2021-09-26,True
166,US,2021-10-04,True
167,US,2021-10-04,True
168,US,2021-10-06,True
169,US,2021-10-09,True
170,US,2021-10-10,True
171,US,2021-10-10,True
172,US,2021-10-10,True
173,US,2021-10-10,True
174,US,2021-10-11,True
175,US,2021-10-11,True
176,US,2021-10-13,True
177,US,2021-10-15,True
178,US,2021-10-16,True
179,US,2021-10-16,True
180,US,2021-10-18,True
181,US,2021-10-29,True
182,US,2021-10-31,True
183,US,2021-11-01,True
184,US,2021-11-02,True
185,US,2021-11-02,True
186,US,2021-11-07,True
187,US,2021-11-07,True
188,US,2021-11-10,True
189,US,2021-11-11,True
190,US,2021-11-25,True
191,US,2021-11-26,True
192,US,2021-11-26,True
193,US,2021-11-26,True
194,US,2021-11-26,True
195,US,2021-11-26,True
196,US,2021-11-26,True
197,US,2021-11-26,True
198,US,2021-11-26,True
199,US,2021-11-28,True
200,US,2021-11-29,True
201,US,2021-11-29,True
202,US,2021-11-30,True
203,US,2021-12-01,True
204,US,2021-12-01,True
205,US,2021-12-02,True
206,US,2021-12-03,True
207,US,2021-12-04,True
208,US,2021-12-05,True
209,US,2021-12-06,True
210,US,2021-12-06,True
211,US,2021-12-07,True
212,US,2021-12-08,True
213,US,2021-12-12,True
214,US,2021-12-13,True
215,US,2021-12-15,True
216,US,2021-12-17,True
217,US,2021-12-17,True
218,US,2021-12-21,True
219,US,2021-12-24,True
220,US,2021-12-24,True
221,US,2021-12-24,True
222,US,2021-12-25,True
223,US,2021-12-26,True
224,US,2021-12-26,True
225,US,2021-12-27,True
226,US,2021-12-28,True
227,US,2021-12-29,True
228,US,2021-12-30,True
229,US,2021-12-31,True
230,US,2021-12-31,True
231,US,2021-12-31,True
232,US,2022-01-01,True
0,ES,2021-01-01,True
1,ES,2021-01-06,True
2,ES,2021-02-14,True
3,ES,2021-02-17,True
4,ES,2021-02-28,True
5,ES,2021-03-01,True
6,ES,2021-03-03,True
7,ES,2021-03-19,True
8,ES,2021-03-19,True
9,ES,2021-03-20,True
10,ES,2021-03-28,True
11,ES,2021-03-28,True
12,ES,2021-04-01,True
13,ES,2021-04-02,True
14,ES,2021-04-03,True
15,ES,2021-04-04,True
16,ES,2021-04-05,True
17,ES,2021-04-23,True
18,ES,2021-04-23,True
19,ES,2021-05-01,True
20,ES,2021-05-02,True
21,ES,2021-05-02,True
22,ES,2021-05-15,True
23,ES,2021-05-17,True
24,ES,2021-05-23,True
25,ES,2021-05-24,True
26,ES,2021-05-30,True
27,ES,2021-05-31,True
28,ES,2021-06-03,True
29,ES,2021-06-09,True
30,ES,2021-06-09,True
31,ES,2021-06-13,True
32,ES,2021-06-21,True
33,ES,2021-06-24,True
34,ES,2021-06-30,True
35,ES,2021-07-18,True
36,ES,2021-07-19,True
37,ES,2021-07-25,True
38,ES,2021-08-05,True
39,ES,2021-08-08,True
40,ES,2021-08-15,True
41,ES,2021-09-02,True
42,ES,2021-09-08,True
43,ES,2021-09-08,True
44,ES,2021-09-08,True
45,ES,2021-09-11,True
46,ES,2021-09-15,True
47,ES,2021-09-17,True
48,ES,2021-09-22,True
49,ES,2021-10-09,True
50,ES,2021-10-12,True
51,ES,2021-10-25,True
52,ES,2021-10-31,True
53,ES,2021-11-01,True
54,ES,2021-12-03,True
55,ES,2021-12-06,True
56,ES,2021-12-08,True
57,ES,2021-12-21,True
58,ES,2021-12-24,True
59,ES,2021-12-25,True
60,ES,2021-12-26,True
61,ES,2021-12-31,True
0,DE,2021-01-01,True
1,DE,2021-01-06,True
2,DE,2021-03-03,True
3,DE,2021-03-08,True
4,DE,2021-03-20,True
5,DE,2021-04-02,True
6,DE,2021-04-04,True
7,DE,2021-04-05,True
8,DE,2021-05-01,True
9,DE,2021-05-09,True
10,DE,2021-05-13,True
11,DE,2021-05-13,True
12,DE,2021-05-23,True
13,DE,2021-05-24,True
14,DE,2021-06-03,True
15,DE,2021-06-21,True
16,DE,2021-06-30,True
17,DE,2021-07-18,True
18,DE,2021-08-15,True
19,DE,2021-08-15,True
20,DE,2021-09-20,True
21,DE,2021-09-22,True
22,DE,2021-10-03,True
23,DE,2021-10-03,True
24,DE,2021-10-31,True
25,DE,2021-11-01,True
26,DE,2021-11-17,True
27,DE,2021-12-21,True
28,DE,2021-12-24,True
29,DE,2021-12-25,True
30,DE,2021-12-26,True
31,DE,2021-12-31,True
0,LB,2021-01-01,True
1,LB,2021-01-05,True
2,LB,2021-01-06,True
3,LB,2021-02-09,True
4,LB,2021-02-15,True
5,LB,2021-03-03,True
6,LB,2021-03-09,True
7,LB,2021-03-20,True
8,LB,2021-03-21,True
9,LB,2021-03-25,True
10,LB,2021-04-02,True
11,LB,2021-04-04,True
12,LB,2021-05-01,True
13,LB,2021-05-06,True
14,LB,2021-05-12,True
15,LB,2021-05-13,True
16,LB,2021-05-25,True
17,LB,2021-06-21,True
18,LB,2021-06-21,True
19,LB,2021-06-30,True
20,LB,2021-07-18,True
21,LB,2021-07-19,True
22,LB,2021-08-09,True
23,LB,2021-08-15,True
24,LB,2021-08-18,True
25,LB,2021-09-08,True
26,LB,2021-09-22,True
27,LB,2021-10-18,True
28,LB,2021-11-01,True
29,LB,2021-11-22,True
30,LB,2021-12-21,True
31,LB,2021-12-24,True
32,LB,2021-12-25,True
33,LB,2021-12-31,True
0,PT,2021-01-01,True
1,PT,2021-01-01,True
2,PT,2021-02-16,True
3,PT,2021-03-03,True
4,PT,2021-03-19,True
5,PT,2021-03-20,True
6,PT,2021-04-02,True
7,PT,2021-04-04,True
8,PT,2021-04-25,True
9,PT,2021-05-01,True
10,PT,2021-05-02,True
11,PT,2021-05-24,True
12,PT,2021-06-01,True
13,PT,2021-06-03,True
14,PT,2021-06-10,True
15,PT,2021-06-13,True
16,PT,2021-06-21,True
17,PT,2021-06-24,True
18,PT,2021-06-30,True
19,PT,2021-07-01,True
20,PT,2021-07-18,True
21,PT,2021-08-15,True
22,PT,2021-09-22,True
23,PT,2021-10-05,True
24,PT,2021-11-01,True
25,PT,2021-12-01,True
26,PT,2021-12-08,True
27,PT,2021-12-21,True
28,PT,2021-12-24,True
29,PT,2021-12-25,True
30,PT,2021-12-26,True
31,PT,2021-12-31,True
0,BR,2021-01-01,True
1,BR,2021-02-15,True
2,BR,2021-02-16,True
3,BR,2021-03-03,True
4,BR,2021-03-20,True
5,BR,2021-04-02,True
6,BR,2021-04-04,True
7,BR,2021-04-21,True
8,BR,2021-05-01,True
9,BR,2021-05-09,True
10,BR,2021-06-03,True
11,BR,2021-06-21,True
12,BR,2021-06-30,True
13,BR,2021-07-09,True
14,BR,2021-07-18,True
15,BR,2021-08-08,True
16,BR,2021-09-07,True
17,BR,2021-09-22,True
18,BR,2021-10-12,True
19,BR,2021-11-02,True
20,BR,2021-11-15,True
21,BR,2021-11-20,True
22,BR,2021-12-21,True
23,BR,2021-12-24,True
24,BR,2021-12-25,True
25,BR,2021-12-31,True
0,GB,2021-01-01,True
1,GB,2021-01-02,True
2,GB,2021-02-14,True
3,GB,2021-03-03,True
4,GB,2021-03-14,True
5,GB,2021-03-17,True
6,GB,2021-03-20,True
7,GB,2021-04-02,True
8,GB,2021-04-04,True
9,GB,2021-04-05,True
10,GB,2021-05-03,True
11,GB,2021-05-31,True
12,GB,2021-06-20,True
13,GB,2021-06-21,True
14,GB,2021-06-30,True
15,GB,2021-07-12,True
16,GB,2021-07-18,True
17,GB,2021-08-02,True
18,GB,2021-08-30,True
19,GB,2021-09-22,True
20,GB,2021-11-30,True
21,GB,2021-12-21,True
22,GB,2021-12-24,True
23,GB,2021-12-25,True
24,GB,2021-12-26,True
25,GB,2021-12-31,True
0,CH,2021-01-01,True
1,CH,2021-01-02,True
2,CH,2021-01-06,True
3,CH,2021-03-01,True
4,CH,2021-03-03,True
5,CH,2021-03-19,True
6,CH,2021-03-20,True
7,CH,2021-03-28,True
8,CH,2021-04-01,True
9,CH,2021-04-02,True
10,CH,2021-04-03,True
11,CH,2021-04-04,True
12,CH,2021-04-05,True
13,CH,2021-04-19,True
14,CH,2021-05-01,True
15,CH,2021-05-09,True
16,CH,2021-05-13,True
17,CH,2021-05-23,True
18,CH,2021-05-24,True
19,CH,2021-06-03,True
20,CH,2021-06-06,True
21,CH,2021-06-21,True
22,CH,2021-06-23,True
23,CH,2021-06-29,True
24,CH,2021-06-30,True
25,CH,2021-07-18,True
26,CH,2021-08-01,True
27,CH,2021-08-15,True
28,CH,2021-09-09,True
29,CH,2021-09-13,True
30,CH,2021-09-19,True
31,CH,2021-09-19,True
32,CH,2021-09-20,True
33,CH,2021-09-22,True
34,CH,2021-09-22,True
35,CH,2021-09-25,True
36,CH,2021-11-01,True
37,CH,2021-12-08,True
38,CH,2021-12-21,True
39,CH,2021-12-24,True
40,CH,2021-12-25,True
41,CH,2021-12-26,True
42,CH,2021-12-31,True
43,CH,2021-12-31,True
0,LT,2021-01-01,True
1,LT,2021-02-16,True
2,LT,2021-03-03,True
3,LT,2021-03-11,True
4,LT,2021-03-20,True
5,LT,2021-04-04,True
6,LT,2021-05-01,True
7,LT,2021-05-02,True
8,LT,2021-06-06,True
9,LT,2021-06-21,True
10,LT,2021-06-24,True
11,LT,2021-06-24,True
12,LT,2021-06-30,True
13,LT,2021-07-06,True
14,LT,2021-07-18,True
15,LT,2021-08-15,True
16,LT,2021-09-22,True
17,LT,2021-11-01,True
18,LT,2021-12-21,True
19,LT,2021-12-24,True
20,LT,2021-12-25,True
21,LT,2021-12-26,True
22,LT,2021-12-31,True
0,CZ,2021-01-01,True
1,CZ,2021-03-03,True
2,CZ,2021-03-20,True
3,CZ,2021-04-02,True
4,CZ,2021-04-05,True
5,CZ,2021-05-01,True
6,CZ,2021-05-08,True
7,CZ,2021-05-09,True
8,CZ,2021-06-20,True
9,CZ,2021-06-21,True
10,CZ,2021-06-30,True
11,CZ,2021-07-05,True
12,CZ,2021-07-06,True
13,CZ,2021-07-18,True
14,CZ,2021-09-22,True
15,CZ,2021-09-28,True
16,CZ,2021-10-28,True
17,CZ,2021-11-17,True
18,CZ,2021-12-21,True
19,CZ,2021-12-24,True
20,CZ,2021-12-25,True
21,CZ,2021-12-26,True
22,CZ,2021-12-31,True
0,ZA,2021-01-01,True
1,ZA,2021-03-03,True
2,ZA,2021-03-10,True
3,ZA,2021-03-11,True
4,ZA,2021-03-11,True
5,ZA,2021-03-20,True
6,ZA,2021-03-21,True
7,ZA,2021-03-29,True
8,ZA,2021-04-02,True
9,ZA,2021-04-03,True
10,ZA,2021-04-04,True
11,ZA,2021-04-05,True
12,ZA,2021-04-27,True
13,ZA,2021-05-01,True
14,ZA,2021-05-08,True
15,ZA,2021-05-09,True
16,ZA,2021-05-09,True
17,ZA,2021-05-12,True
18,ZA,2021-05-13,True
19,ZA,2021-05-13,True
20,ZA,2021-05-23,True
21,ZA,2021-05-24,True
22,ZA,2021-06-16,True
23,ZA,2021-06-20,True
24,ZA,2021-06-21,True
25,ZA,2021-06-30,True
26,ZA,2021-07-18,True
27,ZA,2021-07-19,True
28,ZA,2021-07-20,True
29,ZA,2021-08-09,True
30,ZA,2021-08-09,True
31,ZA,2021-08-10,True
32,ZA,2021-08-22,True
33,ZA,2021-08-30,True
34,ZA,2021-09-10,True
35,ZA,2021-09-11,True
36,ZA,2021-09-22,True
37,ZA,2021-09-24,True
38,ZA,2021-10-07,True
39,ZA,2021-10-14,True
40,ZA,2021-10-18,True
41,ZA,2021-10-19,True
42,ZA,2021-11-01,True
43,ZA,2021-12-16,True
44,ZA,2021-12-21,True
45,ZA,2021-12-24,True
46,ZA,2021-12-25,True
47,ZA,2021-12-26,True
48,ZA,2021-12-31,True
0,IE,2021-01-01,True
1,IE,2021-03-03,True
2,IE,2021-03-14,True
3,IE,2021-03-17,True
4,IE,2021-03-20,True
5,IE,2021-04-02,True
6,IE,2021-04-04,True
7,IE,2021-04-05,True
8,IE,2021-05-03,True
9,IE,2021-06-07,True
10,IE,2021-06-20,True
11,IE,2021-06-21,True
12,IE,2021-06-30,True
13,IE,2021-07-18,True
14,IE,2021-08-02,True
15,IE,2021-09-22,True
16,IE,2021-10-25,True
17,IE,2021-12-21,True
18,IE,2021-12-24,True
19,IE,2021-12-25,True
20,IE,2021-12-26,True
21,IE,2021-12-31,True
0,SA,2021-01-01,True
1,SA,2021-03-03,True
2,SA,2021-03-20,True
3,SA,2021-05-12,True
4,SA,2021-05-13,True
5,SA,2021-05-14,True
6,SA,2021-05-15,True
7,SA,2021-05-16,True
8,SA,2021-05-17,True
9,SA,2021-05-18,True
10,SA,2021-05-19,True
11,SA,2021-05-20,True
12,SA,2021-05-21,True
13,SA,2021-06-21,True
14,SA,2021-06-30,True
15,SA,2021-07-18,True
16,SA,2021-07-18,True
17,SA,2021-07-19,True
18,SA,2021-07-20,True
19,SA,2021-07-21,True
20,SA,2021-07-22,True
21,SA,2021-07-23,True
22,SA,2021-07-24,True
23,SA,2021-07-25,True
24,SA,2021-07-26,True
25,SA,2021-07-27,True
26,SA,2021-07-28,True
27,SA,2021-08-09,True
28,SA,2021-09-22,True
29,SA,2021-09-23,True
30,SA,2021-10-18,True
31,SA,2021-12-21,True
32,SA,2021-12-31,True
0,BH,2021-01-01,True
1,BH,2021-02-24,True
2,BH,2021-03-03,True
3,BH,2021-03-20,True
4,BH,2021-03-21,True
5,BH,2021-05-01,True
6,BH,2021-05-12,True
7,BH,2021-05-13,True
8,BH,2021-05-13,True
9,BH,2021-05-14,True
10,BH,2021-05-14,True
11,BH,2021-05-15,True
12,BH,2021-06-21,True
13,BH,2021-06-30,True
14,BH,2021-07-18,True
15,BH,2021-07-18,True
16,BH,2021-07-19,True
17,BH,2021-07-20,True
18,BH,2021-07-20,True
19,BH,2021-07-21,True
20,BH,2021-07-21,True
21,BH,2021-07-22,True
22,BH,2021-08-09,True
23,BH,2021-08-10,True
24,BH,2021-08-17,True
25,BH,2021-08-18,True
26,BH,2021-08-18,True
27,BH,2021-08-19,True
28,BH,2021-09-22,True
29,BH,2021-10-18,True
30,BH,2021-10-19,True
31,BH,2021-12-16,True
32,BH,2021-12-17,True
33,BH,2021-12-21,True
34,BH,2021-12-31,True
0,GR,2021-01-01,True
1,GR,2021-01-06,True
2,GR,2021-01-30,True
3,GR,2021-02-14,True
4,GR,2021-03-03,True
5,GR,2021-03-15,True
6,GR,2021-03-20,True
7,GR,2021-03-25,True
8,GR,2021-03-25,True
9,GR,2021-04-30,True
10,GR,2021-05-01,True
11,GR,2021-05-02,True
12,GR,2021-05-03,True
13,GR,2021-05-09,True
14,GR,2021-06-20,True
15,GR,2021-06-20,True
16,GR,2021-06-21,True
17,GR,2021-06-21,True
18,GR,2021-06-30,True
19,GR,2021-07-18,True
20,GR,2021-07-24,True
21,GR,2021-08-15,True
22,GR,2021-09-22,True
23,GR,2021-10-28,True
24,GR,2021-11-17,True
25,GR,2021-11-21,True
26,GR,2021-12-21,True
27,GR,2021-12-24,True
28,GR,2021-12-25,True
29,GR,2021-12-26,True
30,GR,2021-12-31,True
